{
  "mode": "full",
  "ratio_to_amplitude": {
    "1.0": 129.30992126464844,
    "1.9464272163739935": 103.65048217773438,
    "2.910624805386127": 49.58960723876953,
    "3.895183584663249": 86.5821762084961,
    "4.863407227730286": 98.77701568603516,
    "5.824732381393474": 252.80657958984375,
    "6.78515413418741": 122.33211517333984,
    "7.7950274356498594": 66.9422607421875,
    "8.710117566404216": 45.1640625,
    "9.732633900886261": 26.006370544433594,
    "10.725337352518663": 50.99977111816406,
    "11.656434229015064": 57.25651550292969,
    "12.66836226047775": 79.77015686035156,
    "13.57842775540536": 5.06617546081543,
    "14.55386781171582": 5.627678394317627,
    "15.59938325391779": 3.2662813663482666,
    "16.489618412892792": 3.0616376399993896,
    "17.430657278100934": 2.8010497093200684,
    "19.476913234266696": 1.563407301902771,
    "23.326815240457705": 2.167212724685669,
    "24.318279704945745": 1.87507963180542,
    "32.54427253007193": 0.42847245931625366,
    "33.927505514604874": 2.6539926528930664,
    "35.369532167874254": 1.1900423765182495,
    "36.3647750852376": 0.54127436876297,
    "42.360850099563805": 0.6773859262466431,
    "45.40395167557639": 0.9958163499832153,
    "48.66565663701994": 1.626616358757019,
    "70.78138614794057": 3.1487579345703125,
    "73.789819633825": 2.4731998443603516,
    "158.2760416257814": 0.49361297488212585
  },
  "root_frequency_hz": 93.302490234375,
  "window_duration_s": 0.2,
  "window_start_s": 4.4
}