{
  "mode": "full",
  "ratio_to_amplitude": {
    "1.0": 86.50910949707031,
    "2.0291565968804997": 187.05520629882812,
    "3.0343356495078897": 99.89793395996094,
    "4.00478764506283": 67.41395568847656,
    "4.4132655685477": 5.812533378601074,
    "5.07011754699712": 9.704309463500977,
    "6.072301945693537": 1.6523373126983643,
    "8.014367686721899": 1.2321499586105347,
    "9.08032574137285": 1.1638323068618774,
    "10.006494633439985": 6.270127296447754,
    "11.027131612129953": 4.206480026245117,
    "12.151869936275997": 3.535815715789795,
    "12.845360038534936": 1.0982673168182373,
    "13.578427563170152": 0.8662681579589844,
    "15.384437896567432": 0.8067458271980286,
    "23.005394772244156": 0.4386637210845947,
    "32.54427104647178": 0.9709259271621704,
    "58.285152111432964": 0.8034006953239441
  },
  "root_frequency_hz": 256.9071960449219,
  "window_duration_s": 0.2,
  "window_start_s": 15.099999999999962
}