{
  "mode": "full",
  "ratio_to_amplitude": {
    "1.0": 118.37310028076172,
    "2.029156441589559": 82.43038940429688,
    "3.0343354981390775": 21.64337730407715,
    "4.060741067933466": 31.062530517578125,
    "5.070117404536538": 9.667463302612305,
    "6.0723020004999535": 27.053064346313477,
    "7.0735449327378355": 94.19721221923828,
    "8.014367699205701": 40.1020622253418,
    "9.080325024290772": 35.09846496582031,
    "10.146301889086029": 13.338858604431152,
    "11.027130981535068": 18.362838745117188,
    "12.151869767080079": 23.052019119262695,
    "13.206807447147197": 19.233917236328125,
    "14.155553566095747": 34.59528732299805,
    "16.038324886949155": 2.7186238765716553,
    "18.171515630499947": 0.8366838097572327,
    "19.208539153962487": 1.549842119216919,
    "20.304743950416484": 1.010204553604126,
    "21.167760342448453": 0.7298790812492371,
    "22.375774366699673": 0.6416522264480591,
    "24.31828008464828": 0.6517481207847595,
    "27.93770928274327": 1.6755292415618896,
    "40.07388640796153": 2.493086814880371,
    "48.66565930692836": 1.5452066659927368,
    "52.89046029075276": 1.8617265224456787,
    "73.78982167102286": 0.6721158623695374,
    "81.3161873628991": 1.3457564115524292,
    "85.95679037338601": 1.3341679573059082,
    "90.86222559741489": 0.345887154340744,
    "189.56166662079218": 0.13148443400859833
  },
  "root_frequency_hz": 81.2148208618164,
  "window_duration_s": 0.2,
  "window_start_s": 2.400000000000001
}