{
  "mode": "full",
  "ratio_to_amplitude": {
    "1.0": 103.985107421875,
    "2.0011966102571295": 116.8961181640625,
    "2.9925249855261393": 37.54692077636719,
    "4.004787694515758": 1.4564837217330933,
    "5.000255868083003": 1.7802181243896484,
    "5.988631184098888": 1.1028058528900146,
    "6.976077666069433": 2.1071763038635254,
    "8.014367470752617": 1.980211853981018,
    "9.080324872555602": 1.2214992046356201,
    "10.006494630765747": 5.646663188934326,
    "11.027130321151265": 0.5844627022743225,
    "13.024830485436437": 0.8801501989364624,
    "14.963391121706561": 0.6334088444709778,
    "16.038324118896398": 0.5974003076553345,
    "22.06745735597236": 0.4379199147224426,
    "25.351884735580782": 0.06824511289596558
  },
  "root_frequency_hz": 389.53826904296875,
  "window_duration_s": 0.2,
  "window_start_s": 19.0
}