{
  "mode": "full",
  "ratio_to_amplitude": {
    "1.0": 50.8365478515625,
    "2.0291564171003924": 61.04057312011719,
    "3.0343354801592897": 148.7767333984375,
    "4.0607409206859995": 131.89422607421875,
    "5.070117065519283": 23.849319458007812,
    "6.072301736530105": 18.51864242553711,
    "7.073544457188875": 20.0482120513916,
    "8.126341146346922": 4.21358585357666,
    "9.207191982773193": 0.4233761429786682,
    "10.288061611226436": 0.287259966135025,
    "13.391328399578002": 0.29961156845092773,
    "14.155553156527112": 0.766849935054779,
    "15.384437402436836": 1.4327739477157593,
    "16.26240560065044": 2.8682613372802734,
    "17.190478040782416": 1.6192933320999146,
    "18.42540079135966": 1.1073476076126099,
    "19.208538157455457": 1.7447247505187988,
    "20.304742862920286": 4.604722023010254,
    "20.58843356612283": 1.916169285774231,
    "21.16775887167189": 4.438344478607178,
    "22.375774571627424": 2.461441993713379,
    "23.326815566727895": 1.4583821296691895,
    "24.31827821184859": 1.0297988653182983,
    "29.944684689851787": 0.1602155566215515,
    "39.52170298046442": 0.4951173961162567,
    "42.360846263699706": 0.6201120615005493,
    "46.03831439824553": 0.3013451397418976
  },
  "root_frequency_hz": 155.9005584716797,
  "window_duration_s": 0.2,
  "window_start_s": 9.499999999999982
}