{
  "mode": "full",
  "ratio_to_amplitude": {
    "1.0": 66.78583526611328,
    "2.0011965491175485": 145.73167419433594,
    "2.99252528618507": 220.7696075439453,
    "4.004787880169703": 51.15258026123047,
    "5.0002558521711835": 116.2320556640625,
    "5.988631239992072": 10.713324546813965,
    "6.976077786917304": 2.707709312438965,
    "8.014367569141296": 0.7865892052650452,
    "8.95520706873177": 1.134565830230713,
    "11.027131765271243": 1.621706247329712,
    "11.984428305093367": 3.494739055633545,
    "13.024831130200834": 1.6743874549865723,
    "13.960503355998968": 2.139324188232422,
    "14.963391111118906": 2.121142864227295,
    "16.038325490684407": 3.499346971511841,
    "29.94468780528015": 0.9069099426269531,
    "38.44006306857743": 0.11984197050333023,
    "45.40395199351776": 0.4204200506210327,
    "68.84421900019818": 0.39984163641929626
  },
  "root_frequency_hz": 217.5037384033203,
  "window_duration_s": 0.2,
  "window_start_s": 13.599999999999968
}