{
  "mode": "full",
  "ratio_to_amplitude": {
    "1.0": 61.66824722290039,
    "2.001196438687212": 68.5103759765625,
    "2.9512907060747375": 80.4271240234375,
    "3.949605279829489": 149.1594696044922,
    "4.931356558934887": 147.46527099609375,
    "5.906112962544314": 31.751461029052734,
    "6.879953197923954": 24.07716178894043,
    "7.903936409271889": 31.378984451293945,
    "8.831811338758552": 35.339080810546875,
    "9.868614249197282": 10.74563980102539,
    "10.875186936116165": 2.1989119052886963,
    "11.819292829379": 0.825005292892456,
    "12.845359408232344": 0.9676821827888489,
    "13.768139073101144": 0.8582658767700195,
    "18.68283344636862": 1.9135183095932007,
    "19.749036466300627": 2.2096102237701416,
    "22.067456511129638": 0.2938421964645386,
    "22.68839891875984": 1.0691723823547363,
    "23.983194232181372": 0.5418976545333862,
    "24.658043655154657": 5.838631629943848,
    "25.706088762771145": 11.845067024230957,
    "27.17310088238839": 0.9411933422088623,
    "27.937709118251075": 0.7724496126174927,
    "28.328043377023672": 0.6600552797317505,
    "29.944685213962366": 0.30029189586639404,
    "35.36952887225491": 1.679445505142212,
    "50.03502881508354": 0.6154950857162476,
    "52.161676354896095": 2.6216609477996826,
    "55.138474762940874": 1.6094998121261597,
    "56.68998355223668": 1.0642672777175903
  },
  "root_frequency_hz": 128.37680053710938,
  "window_duration_s": 0.2,
  "window_start_s": 7.499999999999989
}