{
  "mode": "full",
  "ratio_to_amplitude": {
    "1.0": 114.60643005371094,
    "2.001196496020959": 112.31778717041016,
    "2.992525138847113": 87.27642059326172,
    "4.004787734882814": 63.89936065673828,
    "5.000255616650659": 62.804298400878906,
    "5.988631011762218": 38.81547164916992,
    "6.9760774329365205": 19.8260440826416,
    "8.014367056406192": 5.467800617218018,
    "8.95520650849015": 23.772422790527344,
    "10.006494763885499": 3.6960220336914062,
    "11.02713073110914": 1.3141216039657593,
    "11.984427693577965": 4.793347358703613,
    "13.024829480933624": 0.8121239542961121,
    "13.960502675395917": 0.4179827570915222,
    "14.963391143548359": 1.0126457214355469,
    "16.953609779823022": 2.3552465438842773,
    "17.921127906720233": 2.0992355346679688,
    "18.943862031438048": 0.49817532300949097,
    "20.876087202394814": 0.43943578004837036,
    "23.005393511328894": 1.2168232202529907,
    "23.983195131098075": 1.1268845796585083,
    "25.002557917305563": 1.3439794778823853,
    "26.0652452746811": 0.5390454530715942,
    "26.798678777059912": 0.5511335134506226,
    "28.32804510338293": 0.10428889095783234,
    "30.787281776038494": 0.1285393238067627,
    "33.92750361627529": 0.12964360415935516,
    "38.97713001328156": 0.05213619023561478,
    "41.20150190539453": 0.020763978362083435,
    "45.4039488920769": 0.03112739324569702,
    "50.03503348753203": 0.00014310098777059466,
    "53.62942658882381": 0.0003761580737773329,
    "60.76245614686262": 4.6742325139348395e-06
  },
  "root_frequency_hz": 348.6131591796875,
  "window_duration_s": 0.2,
  "window_start_s": 1.4000000000000001
}