{
  "mode": "full",
  "ratio_to_amplitude": {
    "1.0": 73.73168182373047,
    "1.9907569730128027": 81.62438201904297,
    "2.9716145551536357": 64.74060821533203,
    "3.963113411775611": 42.132293701171875,
    "4.964745528128782": 91.01268005371094,
    "5.990284269632932": 24.234329223632812,
    "6.96125866826892": 32.08193588256836,
    "7.9889817490563": 9.296048164367676,
    "8.941732722032826": 21.840566635131836,
    "9.883601723884535": 5.68519401550293,
    "10.924681330402766": 14.564982414245605,
    "11.92520031098834": 77.2205810546875,
    "12.855406629392482": 4.740595817565918,
    "13.858173399379389": 5.825884819030762,
    "14.93916037148389": 1.8241504430770874,
    "15.904120802403988": 19.095888137817383,
    "16.931410215427633": 0.9660757184028625,
    "17.800815871964282": 1.7104504108428955,
    "19.923707853862517": 1.1313793659210205,
    "22.865138360224115": 1.0612810850143433,
    "30.11487823198177": 0.07450783252716064,
    "33.70632264564371": 0.7302631139755249
  },
  "root_frequency_hz": 221.2460174560547,
  "window_duration_s": 0.2,
  "window_start_s": 0.10000000000000003
}