{
  "mode": "full",
  "ratio_to_amplitude": {
    "1.0": 548.737548828125,
    "2.001196599301584": 200.07431030273438,
    "2.9925252358138663": 56.029380798339844,
    "4.0047876341612945": 15.515830993652344,
    "5.000255895056742": 64.51481628417969,
    "5.988630837750938": 25.015674591064453,
    "6.976077754988601": 9.281262397766113,
    "8.014367231826233": 5.894781589508057,
    "8.955206923236895": 3.0541768074035645,
    "10.006494941240774": 8.675600051879883,
    "11.027130596931269": 3.905834674835205,
    "11.984428592523072": 3.0815377235412598,
    "12.668363253469852": 0.6743992567062378,
    "13.960502482027431": 5.612540245056152,
    "16.953609395909854": 10.552105903625488,
    "17.92112835031183": 5.627524375915527,
    "18.943862500086972": 2.4869587421417236
  },
  "root_frequency_hz": 197.37228393554688,
  "window_duration_s": 0.2,
  "window_start_s": 2.0000000000000004
}