{
  "mode": "full",
  "ratio_to_amplitude": {
    "0.28291283951514457": 7.595614910125732,
    "1.0": 397.8503723144531,
    "1.973621935540731": 149.9907684326172,
    "2.9925252358138663": 48.685420989990234,
    "3.9496055273332256": 80.58917999267578,
    "4.931356885471113": 13.387784957885742,
    "5.906112954088098": 2.0970258712768555
  },
  "root_frequency_hz": 197.37228393554688,
  "window_duration_s": 0.2,
  "window_start_s": 2.2000000000000006
}