{
  "mode": "full",
  "ratio_to_amplitude": {
    "1.0": 524.1538696289062,
    "1.973621935540731": 260.95574951171875,
    "2.9925252358138663": 64.16941833496094,
    "3.9496055273332256": 24.266721725463867,
    "4.931356885471113": 10.560403823852539,
    "5.988630837750938": 3.6818528175354004,
    "10.875186760871095": 12.709609031677246,
    "13.02483016994988": 6.898462772369385,
    "13.960502482027431": 2.8788034915924072,
    "14.963390926471531": 8.050237655639648,
    "16.038324575434537": 2.775479555130005,
    "20.588433698054658": 2.0364670753479004,
    "36.87285046219595": 2.6499149799346924
  },
  "root_frequency_hz": 197.37228393554688,
  "window_duration_s": 0.2,
  "window_start_s": 1.7000000000000004
}