{
  "mode": "full",
  "ratio_to_amplitude": {
    "0.12517239739106154": 1.2871310710906982,
    "0.20142019165228545": 1.3530174493789673,
    "1.0": 7.166596412658691,
    "1.990756859872307": 5.453855514526367,
    "3.009048340815759": 1.706058144569397,
    "4.013037016637489": 1.4692285060882568,
    "5.027287138721416": 0.7135562300682068,
    "6.065744477032464": 0.22622086107730865,
    "7.137746838349019": 0.14152146875858307,
    "8.19152528791629": 0.2609124481678009,
    "9.28392726577476": 0.10105157643556595,
    "10.391111196913263": 0.0162956602871418
  },
  "root_frequency_hz": 524.8164672851562,
  "window_duration_s": 0.2,
  "window_start_s": 0.6
}